"Hello World","31-Oct-2023","12:42:51"
"Hello World","31-Oct-2023","12:42:51"
"Hello World","31-Oct-2023","12:42:51"
"Hello World","31-Oct-2023","12:42:51"
"Hello World","31-Oct-2023","12:42:51"
"Hello World","31-Oct-2023","12:42:51"
"Hello World","31-Oct-2023","12:42:51"
"This is some red data","31-Oct-2023","12:42:51"
"This is some red data","31-Oct-2023","12:42:51"
"This is some red data","31-Oct-2023","12:42:51"
"This is some red data","31-Oct-2023","12:42:51"
"This is some red data","31-Oct-2023","12:42:51"
"This is some red data","31-Oct-2023","12:42:51"
"This is some red data","31-Oct-2023","12:42:51"
"This is some red data","31-Oct-2023","12:42:51"
"This is some red data","31-Oct-2023","12:42:51"
"This is some red data","31-Oct-2023","12:42:51"
"This is some red data","31-Oct-2023","12:42:51"
"This is some red data","31-Oct-2023","12:42:51"
"Green led","31-Oct-2023","12:55:13"
"Green led","31-Oct-2023","12:55:13"
"Green led","31-Oct-2023","12:55:13"
"Green led","31-Oct-2023","12:55:13"
"Green led","31-Oct-2023","12:55:13"
"Green led","31-Oct-2023","12:55:13"
"Green led","31-Oct-2023","12:55:13"
"Green led","31-Oct-2023","12:55:13"
"Green led","31-Oct-2023","12:55:13"
"Green led","31-Oct-2023","12:55:13"
"Green led","31-Oct-2023","12:55:13"
"Green led","31-Oct-2023","12:55:13"
"Green led","31-Oct-2023","12:55:13"
"Red led","31-Oct-2023","12:55:13"
"Red led","31-Oct-2023","12:55:13"
"Red led","31-Oct-2023","12:55:13"
"Red led","31-Oct-2023","12:55:13"
"Red led","31-Oct-2023","12:55:13"
"Red led","31-Oct-2023","12:55:13"
"Red led","31-Oct-2023","12:55:13"
"Red led","31-Oct-2023","12:55:13"
"Red led","31-Oct-2023","12:55:13"
"Red led","31-Oct-2023","12:55:13"
"Red led","31-Oct-2023","12:55:13"
"Red led","31-Oct-2023","12:55:13"
"Red led","31-Oct-2023","12:55:13"
"Red led","31-Oct-2023","12:55:13"
"Red led","31-Oct-2023","12:55:13"
"Green led","31-Oct-2023","12:55:13"
"Green led","31-Oct-2023","12:55:13"
"Green led","31-Oct-2023","12:55:13"
"Green led","31-Oct-2023","12:55:13"
"Green led","31-Oct-2023","12:55:13"
"Green led","31-Oct-2023","12:55:13"
"Green led","31-Oct-2023","12:55:13"
"Green led","31-Oct-2023","12:55:13"
"Green led","31-Oct-2023","12:55:13"
"Green led","31-Oct-2023","12:55:13"
"Green led","31-Oct-2023","12:55:13"
"Green led","31-Oct-2023","12:55:13"
"Green led","31-Oct-2023","12:55:13"
"Green led","31-Oct-2023","12:55:13"
"Green led","31-Oct-2023","12:55:13"
"Green led","31-Oct-2023","12:55:13"
"Green led","31-Oct-2023","12:55:13"
"Green led","31-Oct-2023","12:55:13"
"Green led","31-Oct-2023","12:55:13"
"Green led","31-Oct-2023","12:55:13"
"Hello World","31-Oct-2023","13:04:33"
"Hello World","31-Oct-2023","13:04:33"
"Hello World","31-Oct-2023","13:04:33"
"Hello World","31-Oct-2023","13:04:33"
"Hello World","31-Oct-2023","13:04:33"
"Hello World","31-Oct-2023","13:04:33"
"Hello World","31-Oct-2023","13:04:33"
"Hello World","31-Oct-2023","13:04:33"
"Hello World","31-Oct-2023","13:04:33"
"Hello World","31-Oct-2023","13:04:33"
"Hello World","31-Oct-2023","13:04:33"
"Hello World","31-Oct-2023","13:04:33"
"Hello World","31-Oct-2023","13:04:33"
"Hello World","31-Oct-2023","13:04:33"
"Hello World","31-Oct-2023","13:04:33"
"Green led","31-Oct-2023","13:04:33"
"Green led","31-Oct-2023","13:04:33"
"Green led","31-Oct-2023","13:04:33"
"Green led","31-Oct-2023","13:04:33"
"Green led","31-Oct-2023","13:04:33"
"Green led","31-Oct-2023","13:04:33"
"Green led","31-Oct-2023","13:04:33"
"Green led","31-Oct-2023","13:04:33"
"Green led","31-Oct-2023","13:04:33"
"Green led","31-Oct-2023","13:04:33"
"Green led","31-Oct-2023","13:04:33"
"Green led","31-Oct-2023","13:04:33"
"Green led","31-Oct-2023","13:04:33"
"Green led","31-Oct-2023","13:04:33"
"Green led","31-Oct-2023","13:04:33"
"Green led","31-Oct-2023","13:04:33"
"Green led","31-Oct-2023","13:04:33"
"Red led","31-Oct-2023","13:04:33"
"Red led","31-Oct-2023","13:04:33"
"Red led","31-Oct-2023","13:04:33"
"Red led","31-Oct-2023","13:04:33"
"This is some red data","31-Oct-2023","13:04:33"
"This is some red data","31-Oct-2023","13:04:33"
"This is some red data","31-Oct-2023","13:04:33"
"This is some red data","31-Oct-2023","13:04:33"
"This is some red data","31-Oct-2023","13:04:33"
"This is some red data","31-Oct-2023","13:04:33"
"This is some red data","31-Oct-2023","13:04:33"
"This is some red data","31-Oct-2023","13:04:33"
"This is some red data","31-Oct-2023","13:04:33"
"This is some red data","31-Oct-2023","13:04:33"
"This is some red data","31-Oct-2023","13:04:33"
"This is some red data","31-Oct-2023","13:04:33"
"Hello World","31-Oct-2023","14:28:53"
"Hello World","31-Oct-2023","14:28:53"
"Hello World","31-Oct-2023","14:28:53"
"Hello World","31-Oct-2023","14:28:53"
"Hello World","31-Oct-2023","14:28:53"
"Hello World","31-Oct-2023","14:28:53"
"Hello World","31-Oct-2023","14:28:53"
"Hello World","31-Oct-2023","14:28:53"
"Hello World","31-Oct-2023","14:28:53"
"http://Hello World","31-Oct-2023","14:28:53"
"http://Hello World","31-Oct-2023","14:28:53"
"http://Hello World","31-Oct-2023","14:28:53"
"http://Hello World","31-Oct-2023","14:28:53"
"http://Hello World","31-Oct-2023","14:28:53"
"http://Hello World","31-Oct-2023","14:28:53"
"http://Hello World","31-Oct-2023","14:28:53"
"http://Hello World","31-Oct-2023","14:28:53"
"http://Hello World","31-Oct-2023","14:28:53"
"http://Hello World","31-Oct-2023","14:28:53"
"http://Hello World","31-Oct-2023","14:28:53"
"http://Hello World","31-Oct-2023","14:28:53"
"http://Hello World","31-Oct-2023","14:28:53"
"This is some red data","31-Oct-2023","14:28:53"
"This is some red data","31-Oct-2023","14:28:53"
"This is some red data","31-Oct-2023","14:28:53"
"This is some red data","31-Oct-2023","14:28:53"
"This is some red data","31-Oct-2023","14:28:53"
"This is some red data","31-Oct-2023","14:28:53"
"This is some red data","31-Oct-2023","14:28:53"
"This is some red data","31-Oct-2023","14:28:53"
"This is some red data","31-Oct-2023","14:28:53"
"Green led","31-Oct-2023","14:28:53"
"Green led","31-Oct-2023","14:28:53"
"Green led","31-Oct-2023","14:28:53"
"Green led","31-Oct-2023","14:28:53"
"Green led","31-Oct-2023","14:28:53"
"Green led","31-Oct-2023","14:28:53"
"Green led","31-Oct-2023","14:28:53"
"Green led","31-Oct-2023","14:28:53"
"Green led","31-Oct-2023","14:28:53"
"Green led","31-Oct-2023","14:28:53"
"Green led","31-Oct-2023","14:28:53"
"Green led","31-Oct-2023","14:28:53"
"Green led","31-Oct-2023","14:28:53"
"Green led","31-Oct-2023","14:28:53"
"Green led","31-Oct-2023","14:28:53"
"Green led","31-Oct-2023","14:28:53"
"Green led","31-Oct-2023","14:28:53"
"Green led","31-Oct-2023","14:28:53"
"Green led","31-Oct-2023","14:28:53"
"Green led","31-Oct-2023","14:28:53"
"Green led","31-Oct-2023","14:28:53"
"Green led","31-Oct-2023","14:28:53"
"Green led","31-Oct-2023","14:28:53"
"Green led","31-Oct-2023","14:28:53"
"Green led","31-Oct-2023","14:28:53"
"Green led","31-Oct-2023","14:28:53"
"Green led","31-Oct-2023","14:28:53"
"Green led","31-Oct-2023","14:28:53"
"Green led","31-Oct-2023","14:28:53"
"Green led","31-Oct-2023","14:28:53"
"Green led","31-Oct-2023","14:28:53"
"Red led","31-Oct-2023","14:28:53"
"Red led","31-Oct-2023","14:28:53"
"Red led","31-Oct-2023","14:28:53"
"Red led","31-Oct-2023","14:28:53"
"Red led","31-Oct-2023","14:28:53"
"Red led","31-Oct-2023","14:28:53"
"Red led","31-Oct-2023","14:28:53"
"Red led","31-Oct-2023","14:28:53"
"Red led","31-Oct-2023","14:28:53"
"Red led","31-Oct-2023","14:28:53"
"Red led","31-Oct-2023","14:28:53"
"Red led","31-Oct-2023","14:28:53"
"Red led","31-Oct-2023","14:28:53"
"Red led","31-Oct-2023","14:28:53"
"Red led","31-Oct-2023","14:28:53"
"Red led","31-Oct-2023","14:28:53"
"Red led","31-Oct-2023","14:28:53"
"Red led","31-Oct-2023","14:28:53"
"Red led","31-Oct-2023","14:28:53"
"Red led","31-Oct-2023","14:28:53"
"Red led","31-Oct-2023","14:28:53"
"Red led","31-Oct-2023","14:28:53"
"Red led","31-Oct-2023","14:28:53"
"Red led","31-Oct-2023","14:28:53"
"Red led","31-Oct-2023","14:28:53"
"Red led","31-Oct-2023","14:28:53"
"Red led","31-Oct-2023","14:28:53"
"Red led","31-Oct-2023","14:28:53"
"Red led","31-Oct-2023","14:28:53"
"Red led","31-Oct-2023","14:28:53"
"Red led","31-Oct-2023","14:28:53"
"Red led","31-Oct-2023","14:28:53"
"Red led","31-Oct-2023","14:28:53"
"Red led","31-Oct-2023","14:28:53"
"Red led","31-Oct-2023","14:28:53"
"Red led","31-Oct-2023","14:28:53"
"Red led","31-Oct-2023","14:36:40"
"Red led","31-Oct-2023","14:36:40"
"Red led","31-Oct-2023","14:37:07"
"Red led","31-Oct-2023","14:37:07"
"Red led","31-Oct-2023","14:37:07"
"Red led","31-Oct-2023","14:37:07"
"Red led","31-Oct-2023","14:37:07"
"Red led","31-Oct-2023","14:37:07"
"Red led","31-Oct-2023","14:37:07"
"Red led","31-Oct-2023","14:37:07"
"Red led","31-Oct-2023","14:37:07"
"Red led","31-Oct-2023","14:37:07"
"Red led","31-Oct-2023","14:37:07"
"Red led","31-Oct-2023","14:37:07"
"Red led","31-Oct-2023","14:37:07"
"Red led","31-Oct-2023","14:37:07"
"Red led","31-Oct-2023","14:37:07"
"Red led","31-Oct-2023","14:37:07"
"Red led","31-Oct-2023","14:37:07"
"Red led","31-Oct-2023","14:37:07"
"Red led","31-Oct-2023","14:37:07"
"Red led","31-Oct-2023","14:37:07"
"Red led","31-Oct-2023","14:37:07"
"Red led","31-Oct-2023","14:37:07"
"Red led","31-Oct-2023","14:37:07"
"Red led","31-Oct-2023","14:37:07"
"Red led","31-Oct-2023","14:37:07"
"Red led","31-Oct-2023","14:37:07"
"Red led","31-Oct-2023","14:37:07"
"Red led","31-Oct-2023","14:37:07"
"Red led","31-Oct-2023","14:37:07"
"Green led","31-Oct-2023","14:37:07"
"Green led","31-Oct-2023","14:37:07"
"Green led","31-Oct-2023","14:37:07"
"Green led","31-Oct-2023","14:37:07"
"Green led","31-Oct-2023","14:37:07"
"Green led","31-Oct-2023","14:37:07"
"Green led","31-Oct-2023","14:37:07"
"Green led","31-Oct-2023","14:37:07"
"Green led","31-Oct-2023","14:37:07"
"Green led","31-Oct-2023","14:37:07"
"Green led","31-Oct-2023","14:37:07"
"Green led","31-Oct-2023","14:37:07"
"Green led","31-Oct-2023","14:37:07"
"Green led","31-Oct-2023","14:37:07"
"Green led","31-Oct-2023","14:37:07"
"Green led","31-Oct-2023","14:37:07"
"Green led","31-Oct-2023","14:37:07"
"Green led","31-Oct-2023","14:37:07"
"Green led","31-Oct-2023","14:37:07"
"Green led","31-Oct-2023","14:37:07"
"Green led","31-Oct-2023","14:37:07"
"Green led","31-Oct-2023","14:37:07"
"Green led","31-Oct-2023","14:37:07"
"Green led","31-Oct-2023","14:37:07"
"Green led","31-Oct-2023","14:37:07"
"Green led","31-Oct-2023","14:37:07"
"Green led","31-Oct-2023","14:37:07"
"Green led","31-Oct-2023","14:37:07"
"Green led","31-Oct-2023","14:37:07"
"Green led","31-Oct-2023","14:37:07"
"Green led","31-Oct-2023","14:37:07"
"Green led","31-Oct-2023","14:37:07"
"Green led","31-Oct-2023","14:37:07"
"Green led","31-Oct-2023","14:37:07"
"Green led","31-Oct-2023","14:37:07"
"Green led","31-Oct-2023","14:37:07"
"Green led","31-Oct-2023","14:37:07"
"Green led","31-Oct-2023","14:37:07"
"Green led","31-Oct-2023","14:37:07"
"Green led","31-Oct-2023","14:37:07"
"Green led","31-Oct-2023","14:37:07"
"Green led","31-Oct-2023","14:37:07"
"Green led","31-Oct-2023","14:37:07"
"Green led","31-Oct-2023","14:37:07"
"Green led","31-Oct-2023","14:37:07"
"Green led","31-Oct-2023","14:37:07"
"Green led","31-Oct-2023","14:37:07"
"Green led","31-Oct-2023","14:37:07"
"Green led","31-Oct-2023","14:37:07"
"Green led","31-Oct-2023","14:37:07"
"Green led","31-Oct-2023","14:37:07"
"Green led","31-Oct-2023","14:37:07"
"Green led","31-Oct-2023","14:37:07"
"Red led","31-Oct-2023","14:37:07"
"Red led","31-Oct-2023","14:37:07"
"Red led","31-Oct-2023","14:37:07"
"Red led","31-Oct-2023","14:37:07"
"Red led","31-Oct-2023","14:37:07"
"Red led","31-Oct-2023","14:37:07"
"Red led","31-Oct-2023","14:37:07"
"Red led","31-Oct-2023","14:37:07"
"Red led","31-Oct-2023","14:37:07"
"Red led","31-Oct-2023","14:37:07"
"Red led","31-Oct-2023","14:37:07"
"Red led","31-Oct-2023","14:37:07"
"Red led","31-Oct-2023","14:37:07"
"Red led","31-Oct-2023","14:37:07"
"Red led","31-Oct-2023","14:37:07"
"Red led","31-Oct-2023","14:37:07"
"Red led","31-Oct-2023","14:37:07"
"Red led","31-Oct-2023","14:37:07"
